date,strategy,version,symbol,side,qty,entry_time,entry,stop,exit_time,exit,reason,fees,pnl_usd,r
2026-10-08,vwap,v1,AAPL,short,29,12:26,338.63,339.17,12:54,339.2,stop,0.2778,-16.81,-1.073
2026-10-08,vwap,v1,AMD,long,15,12:27,633.426,632.49,12:42,632.02,stop,0.266,-21.36,-3.651
2026-10-08,vwap,v1,QQQ,long,13,12:44,752.8123,752.08,12:47,752.0285,stop,0.2739,-10.46,-1.437
2026-10-08,vwap,v1,MSFT,long,18,12:45,528.8094,528.24,12:45,528.62,stop,0.2675,-3.68,-0.33
2026-10-08,vwap,v1,MSFT,long,18,12:46,528.14,527.86,12:46,527.6733,stop,0.267,-8.67,-0.693
2026-10-08,vwap,v1,NVDA,long,42,12:46,234.83,234.62,12:46,234.58,stop,0.2809,-10.78,-1.283
2026-10-08,vwap,v1,AMZN,long,38,12:49,257.93,257.84,12:49,257.7521,stop,0.2786,-7.04,-1.277
2026-10-08,vwap,v1,NVDA,long,42,12:51,233.36,233.2,12:52,233.21,stop,0.2793,-6.58,-0.614
2026-10-08,vwap,v1,SPY,long,12,12:51,772.975,772.63,12:52,772.6833,stop,0.2598,-3.76,-0.653
2026-10-08,vwap,v1,TSLA,long,26,12:51,371.665,371.24,12:53,371.23,stop,0.2726,-11.58,-1.024
2026-10-08,vwap,v1,QQQ,long,13,12:52,749.81,749.03,12:52,748.9369,stop,0.2728,-11.62,-1.132
2026-10-08,vwap,v1,AMZN,long,38,12:52,257.74,257.27,13:10,257.33,stop,0.2782,-15.86,-1.192
2026-10-08,vwap,v1,SPY,long,12,12:53,772.58,772.08,13:02,772.2258,stop,0.2596,-4.51,-0.597
2026-10-08,vwap,v1,TSLA,long,26,12:54,371.37,370.74,13:01,370.7527,stop,0.2723,-16.32,-0.903
2026-10-08,vwap,v1,META,long,13,12:55,715.98,715.33,13:01,715.26,stop,0.2607,-9.62,-1.762
2026-10-08,vwap,v1,AAPL,short,29,13:04,339.0559,339.37,13:05,339.41,stop,0.2782,-10.55,-0.957
2026-10-08,vwap,v1,META,long,13,13:36,717.0885,715.42,13:48,715.28,stop,0.2607,-23.77,-1.44
2026-10-09,gapfade,v1,AAPL,long,26,09:35,332.5404,330.39,10:58,334.14,target,0.2458,41.34,0.855
2026-10-09,orb,v1,QQQ,short,13,09:47,748.95,750.96,12:17,751.0269,stop,0.2728,-27.27,-0.967
2026-10-09,orb,v1,NVDA,short,31,10:00,230.7703,232.38,15:56,229.61,time,0.204,35.77,0.735
2026-10-09,orb,v1,AMZN,long,29,10:10,259.4572,257.53,15:39,262.5869,target,0.2165,90.54,1.858
2026-10-09,orb,v1,MSFT,long,17,10:19,531.76,528.93,15:56,534.9206,time,0.2556,53.47,1.092
2026-10-09,orb,v1,SPY,long,12,10:52,776.99,776.1,14:49,778.8333,target,0.2618,21.86,2.013
